Workbook

Sheet Accident_Data
A1: Accident ID | B1: Date | C1: Location | D1: Accident Type | E1: Vehicle Type | F1: Weather Condition | G1: Road Condition | H1: Severity | I1: Cause | J1: Casualties
A2: AID0001 | B2: 45292 | C2: Hyderabad | D2: Overturn | E2: Auto-Rickshaw | F2: Clear | G2: Dry | H2: Moderate | I2: Overtaking | J2: 0
A3: AID0002 | B3: 45380 | C3: Mumbai | D3: Overturn | E3: Auto-Rickshaw | F3: Foggy | G3: Damaged | H3: Moderate | I3: Distracted Driving | J3: 0
A4: AID0003 | B4: 45296 | C4: Mumbai | D4: Overturn | E4: Bicycle | F4: Windy | G4: Under Construction | H4: Fatal | I4: Overtaking | J4: 3
A5: AID0004 | B5: 45445 | C5: Pune | D5: Collision | E5: Truck | F5: Clear | G5: Dry | H5: Fatal | I5: Brake Failure | J5: 4
A6: AID0005 | B6: 45350 | C6: Bangalore | D6: Animal Hit | E6: Auto-Rickshaw | F6: Clear | G6: Damaged | H6: Moderate | I6: Weather | J6: 0
A7: AID0006 | B7: 45399 | C7: Bangalore | D7: Animal Hit | E7: Car | F7: Rainy | G7: Damaged | H7: Minor | I7: Drunk Driving | J7: 4
A8: AID0007 | B8: 45338 | C8: Delhi | D8: Animal Hit | E8: Car | F8: Rainy | G8: Dry | H8: Minor | I8: Speeding | J8: 2
A9: AID0008 | B9: 45369 | C9: Hyderabad | D9: Overturn | E9: Car | F9: Foggy | G9: Wet | H9: Moderate | I9: Speeding | J9: 5
A10: AID0009 | B10: 45425 | C10: Mumbai | D10: Collision | E10: Car | F10: Windy | G10: Under Construction | H10: Minor | I10: Weather | J10: 2
A11: AID0010 | B11: 45307 | C11: Ahmedabad | D11: Collision | E11: Motorcycle | F11: Clear | G11: Under Construction | H11: Severe | I11: Speeding | J11: 5
A12: AID0011 | B12: 45299 | C12: Pune | D12: Object Hit | E12: Auto-Rickshaw | F12: Clear | G12: Damaged | H12: Fatal | I12: Overtaking | J12: 0
A13: AID0012 | B13: 45468 | C13: Ahmedabad | D13: Pedestrian Hit | E13: Car | F13: Clear | G13: Under Construction | H13: Severe | I13: Overtaking | J13: 3
... A101: AID0100 | B101: 45421 | C101: Mumbai | D101: Overturn | E101: Bus | F101: Windy | G101: Damaged | H101: Moderate | I101: Distracted Driving | J101: 5

Sheet Dashboard
A1: ROAD ACCIDENT ANALYSIS DASHBOARD
A2: Based on 100 recorded road accidents (Jan 2024 - Jun 2024)
A4: Accidents by Location | E4: Accidents by Severity
A5: Location | B5: Accident Count | C5: Total Casualties | E5: Severity | F5: Count
A6: Hyderabad | B6: =COUNTIF(Accident_Data!$C$2:$C$101,A6) -> 17 | C6: =SUMIF(Accident_Data!$C$2:$C$101,A6,Accident_Data!$J$2:$J$101) -> 49 | E6: Minor | F6: =COUNTIF(Accident_Data!$H$2:$H$101,E6) -> 26
A7: Mumbai | B7: =COUNTIF(Accident_Data!$C$2:$C$101,A7) -> 16 | C7: =SUMIF(Accident_Data!$C$2:$C$101,A7,Accident_Data!$J$2:$J$101) -> 41 | E7: Moderate | F7: =COUNTIF(Accident_Data!$H$2:$H$101,E7) -> 23
A8: Pune | B8: =COUNTIF(Accident_Data!$C$2:$C$101,A8) -> 11 | C8: =SUMIF(Accident_Data!$C$2:$C$101,A8,Accident_Data!$J$2:$J$101) -> 22 | E8: Severe | F8: =COUNTIF(Accident_Data!$H$2:$H$101,E8) -> 27
A9: Bangalore | B9: =COUNTIF(Accident_Data!$C$2:$C$101,A9) -> 14 | C9: =SUMIF(Accident_Data!$C$2:$C$101,A9,Accident_Data!$J$2:$J$101) -> 34 | E9: Fatal | F9: =COUNTIF(Accident_Data!$H$2:$H$101,E9) -> 24
A10: Delhi | B10: =COUNTIF(Accident_Data!$C$2:$C$101,A10) -> 9 | C10: =SUMIF(Accident_Data!$C$2:$C$101,A10,Accident_Data!$J$2:$J$101) -> 20
A11: Chennai | B11: =COUNTIF(Accident_Data!$C$2:$C$101,A11) -> 12 | C11: =SUMIF(Accident_Data!$C$2:$C$101,A11,Accident_Data!$J$2:$J$101) -> 23
A12: Kolkata | B12: =COUNTIF(Accident_Data!$C$2:$C$101,A12) -> 13 | C12: =SUMIF(Accident_Data!$C$2:$C$101,A12,Accident_Data!$J$2:$J$101) -> 43
A13: Ahmedabad | B13: =COUNTIF(Accident_Data!$C$2:$C$101,A13) -> 8 | C13: =SUMIF(Accident_Data!$C$2:$C$101,A13,Accident_Data!$J$2:$J$101) -> 23
A16: Accidents by Cause | E16: Accidents by Vehicle Type
A17: Cause | B17: Count | E17: Vehicle Type | F17: Count
A18: Overtaking | B18: =COUNTIF(Accident_Data!$I$2:$I$101,A18) -> 16 | E18: Auto-Rickshaw | F18: =COUNTIF(Accident_Data!$E$2:$E$101,E18) -> 19
A19: Distracted Driving | B19: =COUNTIF(Accident_Data!$I$2:$I$101,A19) -> 15 | E19: Bicycle | F19: =COUNTIF(Accident_Data!$E$2:$E$101,E19) -> 15
A20: Brake Failure | B20: =COUNTIF(Accident_Data!$I$2:$I$101,A20) -> 15 | E20: Truck | F20: =COUNTIF(Accident_Data!$E$2:$E$101,E20) -> 12
A21: Weather | B21: =COUNTIF(Accident_Data!$I$2:$I$101,A21) -> 14 | E21: Car | F21: =COUNTIF(Accident_Data!$E$2:$E$101,E21) -> 22
A22: Drunk Driving | B22: =COUNTIF(Accident_Data!$I$2:$I$101,A22) -> 20 | E22: Motorcycle | F22: =COUNTIF(Accident_Data!$E$2:$E$101,E22) -> 20
A23: Speeding | B23: =COUNTIF(Accident_Data!$I$2:$I$101,A23) -> 20 | E23: Bus | F23: =COUNTIF(Accident_Data!$E$2:$E$101,E23) -> 12
A26: Key Metrics
A27: Total Accidents | B27: =COUNTA(Accident_Data!A2:A101) -> 100
A28: Total Casualties | B28: =SUM(Accident_Data!J2:J101) -> 255
A29: Fatal Accidents | B29: =COUNTIF(Accident_Data!H2:H101,"Fatal") -> 24
A30: Avg Casualties / Accident | B30: =ROUND(B28/B27,2) -> 2.55
